{"text": " Wie lange ben\u00f6tigst du eigentlich f\u00fcr eine Sprachnachricht von einer L\u00e4nge circa 60 Sekunden, um diese zu transkribieren und zu antworten?", "segments": [{"id": 0, "seek": 0, "start": 0.0, "end": 13.0, "text": " Wie lange ben\u00f6tigst du eigentlich f\u00fcr eine Sprachnachricht von einer L\u00e4nge circa 60 Sekunden, um diese zu transkribieren und zu antworten?", "tokens": [50364, 9233, 18131, 3271, 12082, 328, 372, 1581, 10926, 2959, 3018, 7702, 608, 77, 608, 12836, 2957, 6850, 441, 29091, 45972, 4060, 24285, 10028, 11, 1105, 6705, 2164, 1145, 74, 2024, 5695, 674, 2164, 2511, 13802, 268, 30, 51014], "temperature": 0.0, "avg_logprob": -0.1758495330810547, "compression_ratio": 1.128, "no_speech_prob": 0.007863997481763363}], "language": "de"}