{
  "trades_total": 603,
  "traded": 531,
  "skipped": 72,
  "stats": {
    "0": {
      "tp": 27,
      "sl": 45,
      "liq": 0,
      "pnl": 0
    },
    "3": {
      "tp": 0,
      "sl": 0,
      "liq": 0,
      "pnl": 0
    },
    "5": {
      "tp": 16,
      "sl": 2,
      "liq": 0,
      "pnl": 179.38000000000005
    },
    "7": {
      "tp": 6,
      "sl": 0,
      "liq": 0,
      "pnl": 108.591
    },
    "10": {
      "tp": 461,
      "sl": 37,
      "liq": 9,
      "pnl": 8159.758858115921
    }
  },
  "pnl_orig": 6500.03,
  "pnl_sim": 8447.73,
  "pnl_diff": 1947.7
}