{"SUI_30m": 1782325389.8745549, "DOT_30m": 1782325393.828497, "HBAR_30m": 1782207070.5837839, "THETA_30m": 1782206162.1641622, "BAT_30m": 1782319021.819776, "ETH_30m": 1782328124.5228732, "ETH_1h": 1782331782.371777, "BNB_30m": 1782325385.320357, "DOGE_30m": 1782325386.9563892, "SEI_30m": 1782369092.485798, "BAT_1h": 1782328130.394377, "BTC_1h": 1782212556.219865, "LTC_30m": 1782207071.958233, "DOT_1h": 1782330871.955914, "BNT_30m": 1782329956.625369, "BCH_1h": 1782331783.356909, "DOGE_1h": 1782331785.3140721, "SEI_1h": 1782246783.2921228, "THETA_1h": 1782331789.407892, "BNT_1h": 1782331790.373226, "LTC_1h": 1782331787.2703831, "BTC_30m": 1782325382.301728, "BCH_30m": 1782326300.5698109, "SUI_1h": 1782328128.4471512, "BNB_1h": 1782331784.255094}