{"SUI_30m": 1782137584.841892, "DOT_30m": 1782207077.887695, "HBAR_30m": 1782207070.5837839, "THETA_30m": 1782206162.1641622, "BAT_30m": 1782207074.570258, "ETH_30m": 1782207066.818547, "ETH_1h": 1782213477.313439, "BNB_30m": 1782210730.506948, "DOGE_30m": 1782244949.706248, "SEI_30m": 1782244952.5350451, "BAT_1h": 1782213480.433603, "BTC_1h": 1782212556.219865, "LTC_30m": 1782207071.958233, "DOT_1h": 1782212563.2158332, "BNT_30m": 1782207076.499289, "BCH_1h": 1782212557.768988, "DOGE_1h": 1782212559.033529, "SEI_1h": 1782246783.2921228, "THETA_1h": 1782248673.0134459, "BNT_1h": 1782213482.436725, "LTC_1h": 1782221750.134217}